,Calm_Direct_FinalMax,Calm_Avert_FinalMax,Angry_Direct_FinalMax,Angry_Avert_FinalMax,Fix_a_d_BG,Fix_a_d_EY,Fix_a_d_MO,Fix_a_a_BG,Fix_a_a_EY,Fix_a_a_MO,Fix_c_d_BG,Fix_c_d_EY,Fix_c_d_MO,Fix_c_a_BG,Fix_c_a_EY,Fix_c_a_MO,Dwell_a_d_BG,Dwell_a_d_EY,Dwell_a_d_MO,Dwell_a_a_BG,Dwell_a_a_EY,Dwell_a_a_MO,Dwell_c_d_BG,Dwell_c_d_EY,Dwell_c_d_MO,Dwell_c_a_BG,Dwell_c_a_EY,Dwell_c_a_MO,pctFirstFixa_aEY,pctFirstFixa_aMO,pctFirstFixa_aBG,pctFirstFixc_aEY,pctFirstFixc_aMO,pctFirstFixc_aBG,pctFirstFixa_dEY,pctFirstFixa_dMO,pctFirstFixa_dBG,pctFirstFixc_dEY,pctFirstFixc_dMO,pctFirstFixc_dBG,meanRT-a_a,meanRT-c_a,meanRT-a_d,meanRT-c_d,msTotal.a_a,msTotal.a_c,msTotal.d_a,msTotal.d_c,pctOffscreen.a_a,pctOffscreen.a_c,pctOffscreen.d_a,pctOffscreen.d_c,pctOnBackground.a_a,pctOnBackground.a_c,pctOnBackground.d_a,pctOnBackground.d_c,pctSamplesOffscreenL,pctSamplesOffscreenR,ARI_6_P,SCARED_P
Calm_Direct_FinalMax,1.0,0.9826682408754885,0.9847626120991244,0.9829556391019021,0.08964835822429293,-0.1436475352313147,-0.23075324403547343,0.08203937005216691,-0.09598915727551585,-0.24490790093450707,0.10408904172402406,-0.13194871556731586,-0.19462448023328938,0.07301752820754213,-0.12315833231166616,-0.2131946196477564,0.07342159404389967,-0.09672359321815047,-0.2350772954769574,0.08855984875274771,-0.04374632214542135,-0.2491269813244091,0.09311146169263843,-0.10705456153082181,-0.2231796833906296,0.0910193767338708,-0.09909370673496604,-0.13447859769970877,-0.019913632475210642,-0.2000502181252498,0.16308052285135055,-0.022761807290349732,-0.20436850599090325,0.11252368741837399,-0.04887876683020591,-0.11918369609468038,0.10184154840616612,-0.006071257940823178,-0.16783564420535127,0.1975905093810057,-0.16910159976886774,-0.1883691694824931,-0.153753053208184,-0.1572393098356109,-0.17594431778701752,-0.0810282548306326,0.019602509936670218,0.01910301183414418,0.0554609851496086,0.1778059809072666,0.17907916142090638,0.050273002393771526,0.21988262107319917,0.270016151188383,0.2687434607417425,0.22544505712004706,-0.024260567730409875,-0.030392995090420143,-0.08216087553327053,-0.06815692710862535
Calm_Avert_FinalMax,0.9826682408754888,0.9999999999999998,0.9737062462209285,0.9821751028876704,0.054700957103434325,-0.118859904338969,-0.18123634296841284,0.03671288993642259,-0.07202962496963387,-0.18436382017671332,0.061916407575391935,-0.11621061865859014,-0.14056807644272143,0.030696973794504347,-0.11606056111924154,-0.1601904648811264,0.023104450083199154,-0.06299871718624832,-0.185221440898115,0.0308179896555097,-0.007960503721780202,-0.18889274884854332,0.03769397044904998,-0.08486912883424408,-0.16970405969608204,0.03190031826021854,-0.08456114641388578,-0.08222473932212698,-0.018028800438252623,-0.14978394794271838,0.12467189632354857,-0.015177936712285827,-0.15797205446498933,0.048178013223113304,-0.04281426889921721,-0.06171153390363894,0.06369223424930007,-0.006487609558088608,-0.1324684097697545,0.1438112229510051,-0.14247770372675114,-0.1487695714378697,-0.12680700213312274,-0.12527406566993624,-0.16015425947279377,-0.0831408608054395,0.06328822511484422,-0.009921108102729425,0.020861909081941903,0.154202009443547,0.16852310920459962,0.020853634170936518,0.14221173396632755,0.2011475752740735,0.20530030310497308,0.1548215110476862,-0.03922505706621994,-0.04158624732583484,-0.08057182645866448,-0.055276490075657
Angry_Direct_FinalMax,0.9847626120991245,0.9737062462209284,1.0,0.9788875365582894,0.05193660175903962,-0.14508185951901817,-0.20622400391132562,0.038614983076485844,-0.09704419868754309,-0.19693374353828444,0.0625383375369568,-0.13969121724756917,-0.17189323724128303,0.04630056753934341,-0.12473837957111669,-0.1700947650984411,0.035382663897057874,-0.08791374233971443,-0.20645756544774416,0.03879088391172348,-0.03150646722407448,-0.19243940615519542,0.04782854231448613,-0.09792803318320786,-0.2016573520152297,0.05106876589755239,-0.08792239013520214,-0.0865559058285283,-0.006965946506087745,-0.15835820099464937,0.11773176591079233,-0.02785777833138841,-0.1557730703121851,0.08912814187531616,-0.039892945459945324,-0.08325422528613886,0.06162213101671023,-0.016177488213784685,-0.1509895321855338,0.1597601037115754,-0.17305823525593483,-0.1771987282267224,-0.15544842323375987,-0.15726638712417293,-0.2079551758437759,-0.07741965955249877,0.05548240057635093,0.034434016223647446,0.03234297414641137,0.16609658185378304,0.17614717221540352,0.021607898089607048,0.16172401345189455,0.23235276103974237,0.2268088876767622,0.17553206443440958,-0.047511238054530607,-0.04641637646085715,-0.0692086396201301,-0.07272434959120413
Angry_Avert_FinalMax,0.9829556391019021,0.9821751028876704,0.9788875365582894,0.9999999999999998,0.08363772883091604,-0.15790106449445865,-0.2048475527578673,0.07194252360448573,-0.1011493436683722,-0.2085007133633141,0.10835017313980926,-0.1384323748522588,-0.17294478108501316,0.074029853189623,-0.13432075417035372,-0.16319743302924614,0.05106562035112493,-0.1160771198801143,-0.21234130960007766,0.05863530714285286,-0.04887509421527708,-0.19430963390454511,0.07405383870008038,-0.11588273213110956,-0.20852659684907324,0.06342279209192864,-0.12369409700570787,-0.06828216353778077,-0.02770691310403607,-0.16625160399607253,0.14273478637154036,-0.02046741610478472,-0.15673292991412593,0.0945738184489614,-0.07221923875702789,-0.08879884701829668,0.0933716391906539,-0.0212119123314241,-0.14885478351006884,0.19389895264155618,-0.18876216651702277,-0.19483024860709727,-0.17171719584156114,-0.16415920693847003,-0.18242231135873735,-0.06761458001579779,0.036862079273475123,0.028174232969463125,0.075768824535723,0.2240954159275966,0.23246834188620893,0.05896873685159143,0.18090346565907656,0.253444735883436,0.2526892659067138,0.18926412943052898,0.014486359974269732,0.009735785539547393,-0.07998818714344647,-0.0439890462209502
Fix_a_d_BG,0.08964835822429293,0.05470095710343434,0.051936601759039636,0.08363772883091604,1.0,-0.44716470338257785,-0.15711578302696427,0.8913024701944261,-0.45951072059093984,-0.16538621213978433,0.9312594082978786,-0.3831262288440402,-0.09433179834690013,0.9178044055800703,-0.42005598385252535,-0.1836991740407414,0.9313342646394823,-0.5409252671144066,-0.1385242092687059,0.8258590013075338,-0.5474759789493152,-0.1707252325601352,0.8937678333221546,-0.4773030637706722,-0.09397614873835174,0.9153882423762887,-0.4947024558799138,-0.14532470448479987,-0.45403452554058427,-0.1257090215268233,0.6889088725990511,-0.39912937235113083,-0.1896682057472089,0.7635581002885418,-0.454912013961019,-0.16062134853759316,0.8816307093008656,-0.3781067538340564,-0.08677885447087139,0.8738818434149273,0.016560950376991262,0.004187341801507682,0.05094489219215969,0.04738110897714527,-0.3456653771065029,-0.21758261448024496,-0.03774212478412519,0.13632926479026636,0.14024233379912035,0.054766450703477805,0.012459478266171027,0.07092314448441135,0.5839131262026729,0.5798428368245971,0.5497236976393436,0.5127283649615016,0.1362182821210805,0.1489607918758949,0.2995081179477441,0.28993570233278426
Fix_a_d_EY,-0.14364753523131468,-0.118859904338969,-0.14508185951901814,-0.15790106449445865,-0.44716470338257774,1.0,0.08633739202995469,-0.44965021265799293,0.9513010705203347,0.11842485825152416,-0.449537600520884,0.9056670056908506,0.026794097010863556,-0.40385037452183453,0.8934950618696964,-0.04005441641132247,-0.523652366900413,0.8955643808624887,-0.06443076636931701,-0.5047283352079478,0.8450208569474864,-0.004483973711734576,-0.5077960452455624,0.8021247110401092,-0.07804800832628253,-0.47940818017838804,0.8323121656124227,-0.16208361346899927,0.720183467964495,-0.14598121137965905,-0.45570460539297597,0.6878330070102312,0.0036434563467776376,-0.5435446395422089,0.8752021209587955,-0.11850907522319337,-0.46934593284411025,0.6709648631858451,-0.1922529931842907,-0.4933178335597961,0.4878468893559286,0.47932853220328336,0.48671693089496193,0.4890475021595487,0.45481595764856936,0.32839801627765536,0.1920437518403373,-0.0024627069023181562,-0.07326879283751525,-0.06592672135625396,-0.08998970665450096,-0.11472575296760362,-0.39612510962195135,-0.39162411202535646,-0.38963444262199537,-0.4384603049673362,-0.04444377932781258,-0.037492112253304066,-0.2867217151789071,-0.35335102561547094
Fix_a_d_MO,-0.23075324403547345,-0.18123634296841287,-0.20622400391132567,-0.2048475527578673,-0.1571157830269643,0.08633739202995472,0.9999999999999999,-0.13891638687973074,0.08599596352753885,0.8806224405832851,-0.20102125212332334,-0.08324267778814913,0.8887223226554851,-0.2126081321919615,-0.04726204550853889,0.8538747916934875,-0.17720060188254977,-0.06031800637562625,0.9441585000954756,-0.20138055626078316,-0.05766222049462974,0.8214667258303473,-0.22906023590894917,-0.2393585054457899,0.8621280549964613,-0.24242027815903164,-0.16098105442613164,0.7451729166246951,-0.10932687285899205,0.6572659714823885,-0.1396209109892111,-0.08882897547728236,0.724182409331822,-0.241257383064321,-0.07477739091748897,0.8203892210550113,-0.09114159746562145,-0.26124535544923394,0.6616398288859345,-0.19025883264960722,0.3237138989685778,0.2508008234908849,0.322780599394266,0.27560070696395417,0.31640396556660616,-0.04488455543859463,0.04417048446626477,-0.17207780106880358,0.14901273509110738,0.14806590548594978,0.10993218707328428,0.22859464966284107,-0.03310201669742359,-0.057800640866970364,-0.06809046824353056,0.026744096545337385,0.1841370642242301,0.1961327285309906,-0.07042513760837765,0.10538937540051667
Fix_a_a_BG,0.08203937005216692,0.03671288993642262,0.03861498307648587,0.07194252360448575,0.8913024701944261,-0.44965021265799293,-0.13891638687973076,1.0,-0.47509533163014006,-0.1835516414526617,0.8717053013706494,-0.3829569173549568,-0.11271369680628603,0.8219429975205595,-0.4370682262599912,-0.15988037216348328,0.9145695016330306,-0.5753121956899211,-0.12181575248458189,0.9302919195336032,-0.5969528052633466,-0.18098014724653114,0.8957777718315577,-0.5083595142595433,-0.11727540950358854,0.89505697899868,-0.5202821197656323,-0.11885570031444177,-0.47889965450123306,-0.17860460940312897,0.8083960538209238,-0.38006609746940667,-0.1411285313798834,0.7549165305840492,-0.47657126313968895,-0.1504420710638516,0.831430923841399,-0.3927220442325005,-0.12641682454302533,0.8481260045229535,0.029831274289049907,0.04549076495071746,0.0946820124653171,0.09887279272907183,-0.3162658221120456,-0.19221576761143433,-0.010692170685516877,0.11529979215825559,0.05474925290535186,0.018060847124971184,-0.017785537146397298,-0.023209676561835268,0.6640922415168583,0.6215045865377333,0.600403979138262,0.5671152161379935,0.03902145129702901,0.06009950720464221,0.3286481957142245,0.29428120774338623
Fix_a_a_EY,-0.09598915727551584,-0.0720296249696339,-0.0970441986875431,-0.1011493436683722,-0.45951072059093984,0.9513010705203347,0.08599596352753888,-0.47509533163014006,1.0,0.138124692828195,-0.4613006693946306,0.8869532455436397,0.04103593812638651,-0.42363102729329954,0.8913826592517062,-0.043572087075242336,-0.54059857606175,0.8424237625249189,-0.07431141050930071,-0.5155611334771609,0.8748714142908542,-0.004176998663428522,-0.5284961859628667,0.7767463124183377,-0.07880061790205634,-0.4912879019530132,0.8139816765577441,-0.17842090351264878,0.751019430019352,-0.16345361642336093,-0.49525005466033273,0.6612063111678306,0.008722116731826511,-0.5556859990982663,0.7951468822496353,-0.15438494022677604,-0.4750517327508259,0.6366332450729971,-0.19523581904166154,-0.4745725591792595,0.47790640537568113,0.435580122417724,0.4611858746381094,0.4621542287166719,0.46568586045963845,0.3158806562345164,0.12101266711819586,0.0497229616466669,-0.08120736518005005,-0.010967131641784311,-0.02843704494228612,-0.051840076698999135,-0.4028143032852049,-0.35982117314302003,-0.35077704405817756,-0.4013616126082924,0.0032186899802376205,0.011984333720984692,-0.273605168346404,-0.40002160095740535
Fix_a_a_MO,-0.24490790093450707,-0.18436382017671335,-0.19693374353828447,-0.20850071336331413,-0.16538621213978433,0.11842485825152414,0.8806224405832851,-0.18355164145266173,0.13812469282819495,1.0,-0.19925388329965557,-0.004110028079688504,0.8741468354976922,-0.20436507831302572,0.027288798670016493,0.8235453487795278,-0.19720205562210763,-0.039138562996426485,0.7923762529519034,-0.23484845642292637,-0.03184903111801112,0.8909935595202425,-0.22505010617635254,-0.18663268663686247,0.8070826913943735,-0.24388976672921728,-0.10046501090548361,0.678940398741241,-0.039776356896788385,0.7666645362410531,-0.20393301049673632,-0.09190012968494551,0.721300265769672,-0.20547951580873325,-0.050027615314858345,0.6982049929187554,-0.11626736767294685,-0.18957122141497948,0.6149154869977346,-0.1798489823992938,0.2645978462109125,0.18018276492152807,0.2462813916012318,0.2207684496546244,0.34717585643349025,-0.08482708958986487,0.09709835350700206,-0.06491808747492067,0.06088556378075692,0.045197532147279486,0.10163554618228021,0.11310006756187954,-0.1325177930105264,-0.13463809945319466,-0.10509688366166327,-0.05593337367596307,0.10691728593433944,0.12070963674363874,0.03838348609393897,0.027543859845914134
Fix_c_d_BG,0.10408904172402407,0.061916407575391935,0.06253833753695681,0.10835017313980928,0.9312594082978786,-0.449537600520884,-0.20102125212332334,0.8717053013706494,-0.4613006693946306,-0.19925388329965557,1.0,-0.3901123083040541,-0.17601677547291547,0.9471952030086059,-0.417713501454638,-0.2331295600674745,0.8510165391854533,-0.5533007325083004,-0.19331689850765948,0.7887700077614891,-0.5735093899891565,-0.17514450931920345,0.9186879702965487,-0.5117496875031081,-0.17624490152507297,0.9094041528833852,-0.5102846772306492,-0.20909932421852087,-0.4061449986398666,-0.17017769499557278,0.6248571280317267,-0.3508985759575663,-0.24865795066384122,0.7595718485690497,-0.4381496227009435,-0.23382420154439285,0.7777871418989408,-0.39460232902053194,-0.15875263286205685,0.9091349318649231,0.04557720911870508,0.01657956951712437,0.07709343772957025,0.08190967846518256,-0.35457093867518386,-0.1623398232883828,0.002132645488503654,0.16876950860961,0.23342966180468008,0.09201187630379534,0.07407484500226652,0.09825120390687758,0.5773091299947253,0.5571802690182425,0.525850771160789,0.5198889578551068,0.22042082277783545,0.20039896415559771,0.2818168406788764,0.23058435215319822
Fix_c_d_EY,-0.13194871556731586,-0.11621061865859014,-0.13969121724756914,-0.1384323748522588,-0.38312622884404024,0.9056670056908505,-0.08324267778814914,-0.3829569173549569,0.8869532455436397,-0.004110028079688494,-0.3901123083040541,1.0,-0.07133476084805722,-0.31926085325977893,0.9234987311229663,-0.16245098921447543,-0.4568582686364331,0.7770341386944005,-0.2115571019769198,-0.4222864508137415,0.7467174660712829,-0.1221902661689731,-0.4525134292480048,0.8389082167919939,-0.18255665862513773,-0.40950007255557613,0.7918094700631906,-0.26182675409345113,0.7409904824515601,-0.1847738353865014,-0.4159621398726553,0.7441159052198759,-0.09611609432767018,-0.4630233128505201,0.8622549852119438,-0.2445488750824095,-0.45745154962496126,0.8083988155265334,-0.24916574116960757,-0.44095930557174634,0.33820393109213437,0.3467854077477285,0.33059690277810766,0.39267037227936624,0.4659740291528596,0.35311725181640297,0.08052586044861419,0.08255950278026526,-0.11992381462965963,-0.0821609476693384,-0.04572611034094713,-0.12364961219541977,-0.38196808312552416,-0.3574563674179108,-0.3293249582461784,-0.4156433436546658,-0.050299296479697754,-0.01776519512190146,-0.14812468790549252,-0.27908355143333413
Fix_c_d_MO,-0.19462448023328938,-0.14056807644272143,-0.17189323724128305,-0.17294478108501313,-0.09433179834690013,0.026794097010863535,0.888722322655485,-0.11271369680628603,0.04103593812638652,0.874146835497692,-0.17601677547291547,-0.07133476084805725,0.9999999999999999,-0.16004105105575003,-0.04751073121469088,0.8483354538406933,-0.1244554619085646,-0.09762223841769914,0.8093412707503204,-0.15730395874333686,-0.08798352081450242,0.7493463892694499,-0.19701813073007352,-0.21879016803693763,0.9480426695577568,-0.1835074226777483,-0.15048717067475514,0.7295284183365561,-0.15986571477331346,0.7492554373069098,-0.08633613987806335,-0.12039999699480461,0.6976418606722196,-0.14799628938944773,-0.11117977843524664,0.7815866724577551,-0.008178325218036759,-0.23834070881955222,0.8231522980119781,-0.15390045696777563,0.1852738334523955,0.12507142362980367,0.17015871280791883,0.18020685530862668,0.2894870705415722,-0.1812819887056782,0.031977547188843644,-0.1649090242152258,0.07240488046934755,0.058832535424632015,0.09187624403334056,0.14069903106306028,-0.047718386309511834,-0.06757297277590996,-0.044982533703886475,-0.014331996098282933,0.0910980562899555,0.12109400641708795,0.029846284911515246,0.1513998127905001
Fix_c_a_BG,0.0730175282075421,0.030696973794504315,0.0463005675393434,0.07402985318962303,0.9178044055800703,-0.4038503745218346,-0.2126081321919615,0.8219429975205595,-0.42363102729329954,-0.20436507831302578,0.947195203008606,-0.31926085325977893,-0.16004105105575003,0.9999999999999999,-0.3669972984151237,-0.21640862061564178,0.8135781917649534,-0.5023775048114862,-0.20447301306008883,0.7243204442476217,-0.525757435402967,-0.20546569731035486,0.8474453292435494,-0.43709379526082426,-0.157542177092398,0.9112837250037872,-0.46079145636947044,-0.19570112374278142,-0.36821885479588684,-0.1965797730649427,0.5797085130120284,-0.3460143200971256,-0.2182764427874263,0.7942136041223947,-0.37026542251487715,-0.2128185113530824,0.7463912635370352,-0.3243790612983165,-0.14853923959067264,0.8456264651013318,0.09610209995343874,0.07524911286447986,0.12070663049062275,0.13741793103073102,-0.2707936685713358,-0.1690655919635173,-0.020429283814255576,0.12426244325931664,0.21606567756798356,0.09277228253977265,0.06549357556859456,0.11713942132141388,0.5153863951825779,0.5331445652217384,0.48424014775536073,0.46699304682267784,0.2345698429722023,0.22625965608183138,0.3289793441344556,0.2075848340736758
Fix_c_a_EY,-0.12315833231166616,-0.11606056111924155,-0.12473837957111669,-0.1343207541703537,-0.4200559838525254,0.8934950618696964,-0.04726204550853891,-0.4370682262599912,0.8913826592517062,0.027288798670016517,-0.417713501454638,0.9234987311229664,-0.04751073121469091,-0.36699729841512374,1.0,-0.14351035250890773,-0.5013140513581039,0.7958578116875848,-0.1933987833153625,-0.4724740344500292,0.7635997111802495,-0.1065103398615965,-0.48762868826450484,0.8242386054416138,-0.17335510191968062,-0.4496381267039881,0.8716247915023532,-0.26832581459813015,0.6987685160103836,-0.1284784028730292,-0.47357045453395596,0.8168990814805661,-0.1089471340671936,-0.508571605481289,0.8517308840950896,-0.20716245688179102,-0.4781220865034109,0.7271224749344061,-0.22377806965176514,-0.458100671729303,0.29304726337120135,0.36254141452432215,0.27731884889956926,0.32346775784259973,0.43755509448628754,0.2793833961595842,0.044910902884217764,0.03082376435379899,-0.07720917447210089,-0.09395752092375512,-0.10040107027847311,-0.1371269299618804,-0.418906904903623,-0.4160717383270182,-0.4103798661058306,-0.4620060508089066,-0.04391699030782446,-0.03187315864745176,-0.1908791670627294,-0.3057374443990025
Fix_c_a_MO,-0.2131946196477564,-0.1601904648811264,-0.1700947650984411,-0.16319743302924614,-0.1836991740407414,-0.04005441641132249,0.8538747916934875,-0.15988037216348328,-0.043572087075242336,0.8235453487795278,-0.2331295600674745,-0.16245098921447543,0.8483354538406933,-0.21640862061564178,-0.14351035250890773,0.9999999999999999,-0.17369698262553615,-0.12755398922879854,0.8426125049395365,-0.20431451270177775,-0.14227616971940482,0.80879792457322,-0.23986331321702362,-0.2946786560815969,0.8597648108827496,-0.24145523155436946,-0.22512918558299258,0.9249108005395555,-0.17093645327311954,0.6839778191357014,-0.12777337564212427,-0.17967821559481492,0.8917783034276365,-0.2367554816915654,-0.1636133635159067,0.8365060346061114,-0.07344750265612021,-0.25949300424386207,0.7914941369695825,-0.2365413795547977,0.21113444635192613,0.15974719176019345,0.19562784017662058,0.16016092240152743,0.24911013582168,-0.04101596001689592,-0.0006336722422756015,-0.09344830174220638,-0.04910140132089066,0.030501084919880392,0.0526528074895107,0.1098278288748325,-0.16868068973820824,-0.1478832764665672,-0.13313927704508777,-0.05695175340727832,0.024367160798702502,0.04946908368532216,-0.02010471686548685,0.09951770184187361
Dwell_a_d_BG,0.07342159404389967,0.023104450083199154,0.035382663897057874,0.051065620351124934,0.9313342646394821,-0.523652366900413,-0.1772006018825497,0.9145695016330306,-0.5405985760617498,-0.19720205562210763,0.8510165391854534,-0.4568582686364331,-0.12445546190856463,0.8135781917649534,-0.5013140513581039,-0.17369698262553615,1.0,-0.5763750510585463,-0.14082720060920254,0.9379813772239303,-0.5961454043917798,-0.176184950911433,0.9373873412669976,-0.507152594605917,-0.11153888183520058,0.9416290560199942,-0.5393808679863042,-0.1236753850530012,-0.49269432077433667,-0.13349638231889666,0.7292632281893546,-0.4547481614096626,-0.17199566394277502,0.7636609005895282,-0.5169509790133664,-0.1633626631459675,0.8760811753787947,-0.40640589580464415,-0.06719591280230794,0.8406023698597485,-0.05621461831104712,-0.05944294733253437,-0.011054681765971814,-0.013551956672336614,-0.3295346778962325,-0.22416971176422662,-0.050578141110474956,0.13087700041196756,0.004553021811359634,-0.04711619453816327,-0.1034663859019007,-0.028450639491209732,0.6316794887207638,0.6015992923857509,0.5780634847153027,0.5777017561002497,-0.004012625595913871,0.002866320785796527,0.33383467693214836,0.35137600500060123
Dwell_a_d_EY,-0.0967235932181505,-0.0629987171862483,-0.08791374233971444,-0.11607711988011427,-0.5409252671144066,0.8955643808624887,-0.06031800637562627,-0.5753121956899211,0.8424237625249189,-0.039138562996426485,-0.5533007325083004,0.7770341386944005,-0.09762223841769914,-0.5023775048114864,0.7958578116875848,-0.12755398922879854,-0.5763750510585463,0.9999999999999998,-0.15851341164032545,-0.5642411807350418,0.936240579141858,-0.09770449783085645,-0.5540359371409505,0.8970375214203509,-0.1622513695250584,-0.5264230697043772,0.9109475899172325,-0.19776492778874832,0.6338467978739918,-0.1919251137751343,-0.5142942798034555,0.5976222347394288,-0.054165952783073845,-0.5949760665228495,0.8173180686669673,-0.1805421964882342,-0.5412944329640861,0.6175551230407896,-0.19135636780204204,-0.5946832148735893,0.3823873112894219,0.43975146638107626,0.3794663505823064,0.3926454231190326,0.33435935687550056,0.3453653409069481,0.250687127780401,-0.03413811609890186,-0.19274851792713782,-0.19043126590621992,-0.1935589727432985,-0.224701308084147,-0.4699939632687081,-0.45911960904202276,-0.4533906745682072,-0.5058876073928498,-0.17803370602316146,-0.1775200213253198,-0.3606595948327823,-0.37509307755431304
Dwell_a_d_MO,-0.2350772954769574,-0.185221440898115,-0.20645756544774413,-0.21234130960007766,-0.1385242092687059,-0.06443076636931702,0.9441585000954758,-0.12181575248458189,-0.07431141050930068,0.7923762529519034,-0.19331689850765946,-0.2115571019769198,0.8093412707503203,-0.20447301306008883,-0.1933987833153625,0.8426125049395365,-0.1408272006092025,-0.15851341164032545,0.9999999999999999,-0.1650476071120977,-0.16335419426772005,0.8357611867004155,-0.2004387229142387,-0.32673754874831,0.873394706491465,-0.21119340718323232,-0.272954785176998,0.8092566671937399,-0.17034249857842088,0.6555084249928593,-0.10477630496137874,-0.15841736785529573,0.7523458649902071,-0.21019728174831345,-0.18883152988828758,0.8360653948846359,-0.06203049309232894,-0.2886247512913758,0.689219921744815,-0.18820782687341464,0.24501412765132902,0.1840848712043341,0.23234041644459008,0.16648532509945538,0.24273115760122144,0.001013201119228313,0.028595036842957958,-0.20477368605923693,0.05957304093565944,0.09397492141178101,0.047824667091384665,0.17332658870795117,-0.03598459413804306,-0.037456448035170065,-0.06202509262787419,0.028766610564052435,0.09879304693550853,0.12277007793931541,-0.017669850503982037,0.15746078279026232
Dwell_a_a_BG,0.08855984875274774,0.030817989655509727,0.03879088391172351,0.05863530714285289,0.8258590013075336,-0.5047283352079478,-0.2013805562607832,0.9302919195336032,-0.5155611334771609,-0.23484845642292634,0.7887700077614891,-0.4222864508137415,-0.15730395874333686,0.7243204442476217,-0.4724740344500292,-0.20431451270177778,0.9379813772239303,-0.5642411807350418,-0.16504760711209773,0.9999999999999999,-0.5818369942450704,-0.2015059133262017,0.919245832796344,-0.47772407395392064,-0.15284371509679898,0.8943096502657628,-0.49866241982614323,-0.15118982678534562,-0.4792290213734564,-0.17728540766783552,0.7803055718637534,-0.3995517478767995,-0.1808681596628672,0.7279972306179686,-0.5040026587685603,-0.19368671609809526,0.8061503781332723,-0.37772684208126867,-0.11853003684653278,0.8273489416219539,-0.07203533800799236,-0.0607056101378881,-0.018001706262186425,-0.017161361479104804,-0.29394811837563717,-0.18783880309347825,-0.06771385980960562,0.04564334065774521,-0.055822513878109895,-0.055144273936613225,-0.11417038072421697,-0.0650130436461274,0.6706442834748492,0.6272264053104135,0.6045811510277606,0.6095772943392419,-0.062419740203058065,-0.048941453344556456,0.34658243393645854,0.3294397552640754
Dwell_a_a_EY,-0.043746322145421394,-0.00796050372178022,-0.031506467224074484,-0.04887509421527712,-0.5474759789493152,0.8450208569474865,-0.05766222049462973,-0.5969528052633466,0.8748714142908542,-0.0318490311180111,-0.5735093899891566,0.7467174660712829,-0.08798352081450245,-0.525757435402967,0.7635997111802495,-0.14227616971940482,-0.5961454043917798,0.936240579141858,-0.16335419426771997,-0.5818369942450704,0.9999999999999999,-0.11298888128363431,-0.5838122766828808,0.8884218949656355,-0.15587430434761154,-0.5523445650200182,0.904621983138362,-0.2031424324924602,0.6317132620550141,-0.21870884620503694,-0.5407168696641595,0.5459804430051018,-0.07652422570918116,-0.5960719961754051,0.7213516270450196,-0.21591635630346742,-0.5423045082847797,0.5639455175999605,-0.21086093076184917,-0.5740874376183245,0.3870550075742246,0.40386992087930096,0.36457480348828253,0.3718684902217039,0.387431823638676,0.3459564912323919,0.16934427786272813,-0.041158862620546216,-0.2029121861207374,-0.14191615099329036,-0.10857856723996046,-0.16848560571577714,-0.4960251865281178,-0.44699096799883553,-0.41841086055673055,-0.5015971985840006,-0.12152415240752364,-0.13096089031800373,-0.30529714235544747,-0.39473636765470455
Dwell_a_a_MO,-0.24912698132440914,-0.18889274884854332,-0.1924394061551954,-0.19430963390454511,-0.1707252325601352,-0.004483973711734604,0.8214667258303473,-0.18098014724653114,-0.004176998663428549,0.8909935595202425,-0.17514450931920347,-0.1221902661689731,0.74934638926945,-0.2054656973103548,-0.10651033986159651,0.80879792457322,-0.176184950911433,-0.09770449783085645,0.8357611867004155,-0.20150591332620166,-0.11298888128363432,1.0,-0.18873370534328224,-0.2371427335421943,0.75167336279718,-0.22134111457662667,-0.20442601192541981,0.7574081387030358,-0.13474220812049775,0.7567044763109654,-0.20974914798705352,-0.14963796382070718,0.7845943407803977,-0.1885756749783654,-0.1465159566553793,0.6581822612266921,-0.1142936480879207,-0.2550399212937134,0.6057850073887412,-0.1182836175613136,0.20371150283918665,0.13226575128461718,0.18738078811983616,0.14410204609773813,0.2616771761419135,0.023211143050159193,0.1031741507746834,-0.06728532761585321,-0.022060576611399846,0.0371669171334094,0.06275091842502949,0.06982061917643645,-0.13323457294163873,-0.1053763934624207,-0.09900222012262185,-0.04354587328894988,0.059836072111864924,0.06829822218703586,0.07804689344410895,0.09102984594058018
Dwell_c_d_BG,0.09311146169263845,0.03769397044904999,0.04782854231448615,0.07405383870008041,0.8937678333221546,-0.5077960452455625,-0.22906023590894917,0.8957777718315578,-0.5284961859628667,-0.22505010617635254,0.9186879702965487,-0.4525134292480048,-0.1970181307300735,0.8474453292435494,-0.4876286882645049,-0.23986331321702364,0.9373873412669975,-0.5540359371409505,-0.2004387229142387,0.9192458327963441,-0.5838122766828808,-0.18873370534328224,0.9999999999999998,-0.5091930898408754,-0.18096999599616906,0.9492942472830598,-0.5187996315909367,-0.19986835108570195,-0.4448481857460832,-0.16991370138711484,0.6747358173997318,-0.4065981520591574,-0.24515256569815405,0.7504482692654515,-0.4858822737632872,-0.23673976863269536,0.8011767306124479,-0.3944507733337911,-0.13797784510338784,0.8636633170766954,-0.05356921507223644,-0.0808667481012199,-0.02226955807060494,-0.01993399362362573,-0.31708899315660455,-0.17110596785653767,-0.02420973683862018,0.11967113408935777,0.07984329104548754,-0.06079715370294598,-0.0739576422179959,-0.020102582135588926,0.6560562896273094,0.6064748773621479,0.5830381760411578,0.5975998755492903,0.054692346365302784,0.029930557326564522,0.28753955151200816,0.30682135890398055
Dwell_c_d_EY,-0.1070545615308218,-0.0848691288342441,-0.09792803318320784,-0.11588273213110954,-0.4773030637706722,0.8021247110401092,-0.2393585054457899,-0.5083595142595433,0.7767463124183377,-0.18663268663686247,-0.5117496875031081,0.8389082167919939,-0.2187901680369376,-0.43709379526082415,0.8242386054416139,-0.2946786560815969,-0.507152594605917,0.897037521420351,-0.32673754874831,-0.47772407395392064,0.8884218949656355,-0.2371427335421943,-0.5091930898408754,1.0,-0.29821750084354354,-0.4643106643916899,0.9341854678239223,-0.3290981865967332,0.6116077908624462,-0.24560489342986463,-0.4777096182367087,0.6407807957928738,-0.20826460161213764,-0.48800136988631876,0.7844195917087556,-0.344227716542653,-0.5097514820374831,0.7069062722876245,-0.2903571940152483,-0.5243156779807059,0.21952686604351385,0.3119078107875155,0.21501721072991448,0.27495521664554107,0.34484946193216964,0.30476624687892667,0.15499969341475384,0.004245057285316744,-0.22624193743050316,-0.1942606466943772,-0.148146519687056,-0.2652756238592527,-0.45138858062287596,-0.4241199729985246,-0.4002231092645931,-0.5138620353555027,-0.17818767298443727,-0.1722567742680626,-0.16617570294350573,-0.2528262846141304
Dwell_c_d_MO,-0.22317968339062963,-0.16970405969608207,-0.20165735201522966,-0.20852659684907324,-0.09397614873835171,-0.07804800832628254,0.8621280549964612,-0.11727540950358854,-0.07880061790205635,0.8070826913943735,-0.17624490152507294,-0.18255665862513773,0.9480426695577568,-0.15754217709239798,-0.17335510191968057,0.8597648108827496,-0.11153888183520058,-0.1622513695250584,0.873394706491465,-0.152843715096799,-0.15587430434761151,0.7516733627971799,-0.18096999599616906,-0.29821750084354354,0.9999999999999994,-0.17311605308798947,-0.2359226862373846,0.793275381124792,-0.19070581695105568,0.745853705164363,-0.0748825688037937,-0.17118212893113768,0.7312366717624756,-0.1476100152256238,-0.18937607608642887,0.806864616966464,0.00927630612047338,-0.2635476510959536,0.8669591697593672,-0.17949299097904645,0.1717659754192834,0.10497548188910596,0.14741202175094006,0.12913284491992374,0.2682919147229014,-0.12938509888001898,0.0528210214573412,-0.20522100894100365,0.03979845103243392,0.023799010246578493,0.05404621060539205,0.1315215627197663,-0.06426979093883187,-0.06851821712110974,-0.06195451673591511,-0.019163154187838236,0.05799408369323091,0.08739424192357462,0.06300512554058949,0.18166548224656467
Dwell_c_a_BG,0.09101937673387081,0.03190031826021854,0.05106876589755239,0.06342279209192861,0.9153882423762887,-0.479408180178388,-0.24242027815903164,0.8950569789986798,-0.4912879019530132,-0.24388976672921733,0.9094041528833854,-0.40950007255557613,-0.1835074226777483,0.9112837250037872,-0.4496381267039881,-0.24145523155436946,0.9416290560199942,-0.5264230697043772,-0.21119340718323232,0.8943096502657629,-0.5523445650200183,-0.22134111457662667,0.9492942472830598,-0.4643106643916899,-0.17311605308798947,1.0,-0.48605076448507806,-0.2068608548405334,-0.42656313880414753,-0.21462517120166555,0.6695523079279821,-0.4201850931450777,-0.23412590380232054,0.818051390641523,-0.4699758860409793,-0.24433702478806554,0.8082317360202934,-0.36628595015483983,-0.12868907201454038,0.8578186036325198,0.007239092959350268,-0.012435223035772072,0.04438594651659487,0.05464172471831892,-0.2674875282175271,-0.21765840216516336,-0.041584581767840814,0.11327751336915926,0.03132099266784437,-0.06962943641607229,-0.10924858946680943,-0.033076252205461024,0.6092647187808988,0.5863517383227443,0.5481573275598446,0.5491079741166272,0.03176690775007604,0.022753949469735597,0.3419031714193157,0.2385872462161065
Dwell_c_a_EY,-0.099093706734966,-0.08456114641388578,-0.08792239013520219,-0.12369409700570788,-0.49470245587991385,0.8323121656124227,-0.16098105442613164,-0.5202821197656323,0.813981676557744,-0.1004650109054836,-0.5102846772306492,0.7918094700631905,-0.15048717067475514,-0.4607914563694704,0.8716247915023532,-0.22512918558299264,-0.5393808679863042,0.9109475899172323,-0.27295478517699795,-0.49866241982614323,0.9046219831383621,-0.20442601192541981,-0.5187996315909367,0.9341854678239223,-0.2359226862373846,-0.48605076448507806,1.0,-0.3041269223225474,0.6246622584608017,-0.20808089297318513,-0.49177583759071863,0.6790244885535309,-0.164988299549905,-0.535276302732851,0.7969987343805167,-0.28217868081075453,-0.5219362324803904,0.6442620307256999,-0.24990917393248926,-0.5381661015760243,0.2813383066961082,0.4073265071064924,0.27991806963422755,0.3105463754046705,0.32807380563433447,0.26659950096365953,0.13410513428981236,-0.04154854425608878,-0.2211618593148682,-0.25954444832558027,-0.21666161534083495,-0.28684662137303735,-0.49011119987615037,-0.5030050905819745,-0.4832749910984225,-0.5590802332300856,-0.2114955243815711,-0.21951420578830638,-0.23556319960397645,-0.3281888595670189
Dwell_c_a_MO,-0.13447859769970874,-0.08222473932212697,-0.08655590582852832,-0.06828216353778079,-0.1453247044847998,-0.16208361346899927,0.7451729166246952,-0.11885570031444176,-0.17842090351264875,0.678940398741241,-0.20909932421852087,-0.26182675409345113,0.7295284183365561,-0.1957011237427814,-0.26832581459813015,0.9249108005395553,-0.1236753850530012,-0.1977649277887483,0.8092566671937398,-0.15118982678534562,-0.20314243249246017,0.7574081387030358,-0.19986835108570195,-0.3290981865967332,0.793275381124792,-0.2068608548405334,-0.3041269223225474,1.0,-0.22608480495710792,0.6085703353358737,-0.06902567094308418,-0.23527394134912427,0.8696118073019082,-0.19065869069967048,-0.24342389703664533,0.8024331423933233,-0.02929100452628827,-0.2787452268930889,0.7525500412760402,-0.1967011981039412,0.07347658184584262,0.04336357880458008,0.05851050185876711,0.009801472139436721,0.1852717741665718,0.037002149295524894,-0.0018120756685537779,-0.06476000788753827,-0.0409822916432115,0.11137706051479875,0.13528641477381,0.10186951735831694,-0.11667614420381933,-0.07286601040734356,-0.04934294326978405,-0.043042524232370476,0.009872864853163143,0.05534612508350592,-0.037658417830469894,0.1534367048420005
pctFirstFixa_aEY,-0.019913632475210614,-0.018028800438252623,-0.006965946506087745,-0.02770691310403607,-0.45403452554058427,0.720183467964495,-0.10932687285899208,-0.47889965450123306,0.751019430019352,-0.039776356896788434,-0.40614499863986653,0.7409904824515602,-0.1598657147733135,-0.3682188547958868,0.6987685160103836,-0.17093645327311954,-0.49269432077433667,0.6338467978739918,-0.17034249857842093,-0.4792290213734564,0.631713262055014,-0.13474220812049778,-0.4448481857460832,0.6116077908624462,-0.19070581695105568,-0.42656313880414753,0.6246622584608017,-0.22608480495710792,1.0,-0.20167851220062932,-0.4941702529340411,0.6937377419581795,-0.12244990680462768,-0.4660281987489977,0.7936094870877035,-0.2062567765875864,-0.48494043515296215,0.7793856520038721,-0.20237891851904122,-0.4896329388939811,0.1967217918857632,0.18631820709902802,0.17460598045941242,0.18185926280337514,0.3075748560396995,0.2876302168742685,0.08046653521340283,0.050615821035960455,-0.1063091295252539,-0.06446152141599164,-0.06485671462438233,-0.16768830985957245,-0.39238816562014495,-0.32419478844359956,-0.35290214984904017,-0.4138412491547672,-0.13837538843192693,-0.13672836112957396,-0.22400079139590007,-0.39884417921272514
pctFirstFixa_aMO,-0.20005021812524978,-0.1497839479427184,-0.15835820099464937,-0.16625160399607256,-0.12570902152682328,-0.145981211379659,0.6572659714823884,-0.17860460940312894,-0.1634536164233609,0.7666645362410531,-0.17017769499557278,-0.1847738353865014,0.7492554373069098,-0.1965797730649427,-0.1284784028730292,0.6839778191357014,-0.13349638231889666,-0.1919251137751343,0.6555084249928592,-0.17728540766783552,-0.21870884620503697,0.7567044763109654,-0.16991370138711487,-0.24560489342986463,0.7458537051643631,-0.21462517120166555,-0.20808089297318513,0.6085703353358737,-0.2016785122006293,1.0,-0.1610576355508119,-0.11549223357351472,0.5925159615902064,-0.1089315898091333,-0.1977033517751501,0.6873238386470654,-0.029031425113799532,-0.2175926931488276,0.7696677930733364,-0.09174352989335777,-0.1603162547609405,-0.1655388740108809,-0.1542653383351802,-0.18107239202909745,0.05579330496010697,-0.13166108891853082,0.021792096435334148,-0.10530849007311123,-0.0001331641560098087,-0.08940339139824814,-0.0311339996681079,-0.0127017251110366,-0.1486781336831075,-0.17860479345190933,-0.15068838508729585,-0.12087134958544629,0.014370195142310202,-0.016668444939837785,0.1830369088051423,0.24055067271955596
pctFirstFixa_aBG,0.16308052285135055,0.12467189632354854,0.11773176591079233,0.14273478637154036,0.688908872599051,-0.45570460539297597,-0.1396209109892111,0.8083960538209238,-0.49525005466033273,-0.20393301049673632,0.6248571280317267,-0.41596213987265535,-0.08633613987806335,0.5797085130120284,-0.4735704545339559,-0.12777337564212427,0.7292632281893545,-0.5142942798034554,-0.10477630496137874,0.7803055718637534,-0.5407168696641595,-0.20974914798705352,0.6747358173997319,-0.4777096182367087,-0.07488256880379371,0.6695523079279821,-0.49177583759071863,-0.0690256709430842,-0.494170252934041,-0.1610576355508119,0.9999999999999998,-0.4000865687676104,-0.13193439409565222,0.7337020287866916,-0.44452969610869375,-0.07697252733673195,0.7793709214645385,-0.329037885687319,-0.05491084463140091,0.6946944118891998,-0.12089987090104085,-0.09332935620748674,-0.058800585535264176,-0.057521566169934965,-0.3659855358947557,-0.2070623670009388,0.09946436074885487,0.036184145273179584,0.05834544516575785,0.10112410680856733,0.10060500767932379,0.06599741662190739,0.6058914801988204,0.5624548357684315,0.5696581723669935,0.5470657220536532,-0.0006980248892896439,0.028576883747673476,0.21995628444278692,0.2699248110496658
pctFirstFixc_aEY,-0.022761807290349705,-0.015177936712285827,-0.027857778331388423,-0.02046741610478472,-0.39912937235113083,0.6878330070102314,-0.08882897547728233,-0.38006609746940667,0.6612063111678305,-0.09190012968494556,-0.3508985759575663,0.7441159052198759,-0.12039999699480461,-0.3460143200971256,0.816899081480566,-0.17967821559481492,-0.4547481614096626,0.5976222347394289,-0.15841736785529573,-0.3995517478767995,0.545980443005102,-0.14963796382070718,-0.40659815205915734,0.6407807957928738,-0.17118212893113763,-0.4201850931450777,0.6790244885535309,-0.2352739413491243,0.6937377419581795,-0.11549223357351471,-0.40008656876761045,1.0,-0.13545199782739456,-0.5167041956530379,0.7759769307438147,-0.19206934722903762,-0.47273754322295236,0.7638680747383426,-0.18222902447415096,-0.4117500068674907,0.13497017459891142,0.2169279010671938,0.11428396996213959,0.17447331971596303,0.305909224911254,0.24058371658737995,0.1322379780763641,-0.01778080983044858,-0.083788449172032,-0.07179435245217355,-0.15620715647744657,-0.25454301101541604,-0.36474742217545875,-0.34352822529699273,-0.3876321676956895,-0.45952076825683064,-0.18431568277138713,-0.1718217459687131,-0.2074657017658149,-0.15573151055633408
pctFirstFixc_aMO,-0.20436850599090323,-0.15797205446498933,-0.1557730703121851,-0.1567329299141259,-0.18966820574720888,0.0036434563467776376,0.724182409331822,-0.14112853137988338,0.008722116731826449,0.721300265769672,-0.24865795066384122,-0.09611609432767021,0.6976418606722196,-0.21827644278742633,-0.10894713406719357,0.8917783034276365,-0.17199566394277505,-0.05416595278307382,0.7523458649902071,-0.18086815966286726,-0.07652422570918116,0.7845943407803978,-0.24515256569815402,-0.2082646016121376,0.7312366717624756,-0.23412590380232054,-0.16498829954990493,0.8696118073019082,-0.12244990680462771,0.5925159615902064,-0.13193439409565222,-0.13545199782739462,1.0,-0.23873460018745168,-0.12012572456030286,0.7082886154668805,-0.09552940233357961,-0.1942459408035493,0.6467330685360309,-0.22675055007405354,0.249373590165894,0.17801120341291737,0.23633056398153007,0.17422859350265246,0.16733072910279972,-0.015236377454308156,0.07516496103617396,-0.01121663449524273,-0.09735803381330353,0.04793448906729464,0.011486106279296898,0.005864827332322263,-0.16691971808136805,-0.11615165101026696,-0.12987972429060002,-0.1076627377535138,-0.06309625457537799,-0.00935494920722357,0.0119026525881538,0.1321733530864412
pctFirstFixc_aBG,0.11252368741837403,0.04817801322311328,0.08912814187531616,0.0945738184489614,0.7635581002885419,-0.5435446395422089,-0.24125738306432098,0.7549165305840492,-0.5556859990982663,-0.20547951580873325,0.7595718485690497,-0.46302331285052006,-0.14799628938944773,0.7942136041223947,-0.508571605481289,-0.2367554816915654,0.7636609005895282,-0.5949760665228496,-0.21019728174831348,0.7279972306179685,-0.5960719961754051,-0.18857567497836542,0.7504482692654513,-0.48800136988631865,-0.1476100152256238,0.818051390641523,-0.5352763027328509,-0.19065869069967048,-0.4660281987489977,-0.10893158980913328,0.7337020287866916,-0.5167041956530379,-0.23873460018745166,1.0,-0.5000473577324235,-0.21715658365147852,0.7822849156900641,-0.3792276051779115,-0.0712875035018299,0.81718166576448,-0.11768445435121228,-0.14347890923281512,-0.10126990984064485,-0.08612641595813371,-0.33677425611330486,-0.2655814611727831,0.003050358738770474,0.0969676357107975,0.12016459622287778,0.06749779852522508,0.08394333258502683,0.06571073986337789,0.5443746379156792,0.5362085383063414,0.5256253691324299,0.5065425966187049,0.12971311869522661,0.09351310633580368,0.4160633091189258,0.2743330399630572
pctFirstFixa_dEY,-0.0488787668302059,-0.042814268899217196,-0.03989294545994534,-0.07221923875702788,-0.454912013961019,0.8752021209587955,-0.07477739091748899,-0.476571263139689,0.7951468822496353,-0.05002761531485837,-0.4381496227009435,0.8622549852119438,-0.11117977843524662,-0.37026542251487715,0.8517308840950896,-0.16361336351590672,-0.5169509790133664,0.8173180686669673,-0.18883152988828755,-0.5040026587685602,0.7213516270450196,-0.1465159566553793,-0.4858822737632872,0.7844195917087556,-0.18937607608642884,-0.4699758860409793,0.7969987343805167,-0.24342389703664533,0.7936094870877035,-0.19770335177515017,-0.4445296961086937,0.7759769307438147,-0.12012572456030284,-0.5000473577324236,1.0,-0.19624622458743377,-0.5307803287627911,0.7874340441619292,-0.2467759953115251,-0.5097296964536392,0.3231816981056175,0.37541765153405426,0.30098031414528736,0.354649783567155,0.3322986373251922,0.3360540677371831,0.16023276921493212,0.01548531712465848,-0.06381376116046059,-0.07866559994425067,-0.03382376483466979,-0.12637199425573284,-0.3760250203220231,-0.3623040297753946,-0.35248313119228303,-0.4125878341029355,-0.09954398153324742,-0.08458100948525824,-0.2790363170628513,-0.31475834463066
pctFirstFixa_dMO,-0.11918369609468038,-0.06171153390363898,-0.08325422528613886,-0.08879884701829673,-0.16062134853759316,-0.11850907522319339,0.8203892210550114,-0.15044207106385163,-0.15438494022677604,0.6982049929187554,-0.23382420154439285,-0.2445488750824095,0.7815866724577551,-0.21281851135308247,-0.20716245688179102,0.8365060346061114,-0.1633626631459675,-0.1805421964882342,0.8360653948846359,-0.19368671609809526,-0.21591635630346748,0.6581822612266921,-0.23673976863269536,-0.34422771654265294,0.806864616966464,-0.24433702478806557,-0.2821786808107546,0.8024331423933233,-0.20625677658758643,0.6873238386470654,-0.07697252733673195,-0.19206934722903762,0.7082886154668805,-0.21715658365147858,-0.19624622458743377,1.0,-0.035029465071442334,-0.29505702073415413,0.7518378764214299,-0.22976010114101086,0.017033939432210182,0.029942801368315456,0.015029981135196782,-0.009930843396231202,0.12132550378616956,-0.15260595349256448,-0.08670114588237067,-0.1968888821217719,0.0995633465078069,0.1086343494884408,0.04692881115551152,0.10608657334478597,-0.06483372269204805,-0.052856307245929164,-0.08353872203221611,-0.044105079092825586,0.045907854566886584,0.057290433193772396,-0.021160230107425012,0.1775498338449181
pctFirstFixa_dBG,0.10184154840616616,0.06369223424930004,0.06162213101671023,0.09337163919065389,0.8816307093008657,-0.46934593284411025,-0.09114159746562145,0.831430923841399,-0.47505173275082596,-0.11626736767294686,0.777787141898941,-0.45745154962496126,-0.008178325218036736,0.7463912635370351,-0.4781220865034109,-0.0734475026561202,0.8760811753787947,-0.5412944329640861,-0.06203049309232894,0.8061503781332723,-0.5423045082847797,-0.11429364808792067,0.8011767306124479,-0.5097514820374831,0.009276306120473407,0.8082317360202934,-0.5219362324803904,-0.02929100452628827,-0.4849404351529621,-0.029031425113799546,0.7793709214645385,-0.4727375432229524,-0.09552940233357961,0.7822849156900643,-0.5307803287627911,-0.03502946507144236,0.9999999999999999,-0.43588466836328726,0.06869367633021037,0.8304936147378351,-0.07701209971237319,-0.09801032206392081,-0.04603590096618504,-0.07394425144970575,-0.3581954637079048,-0.2838839730248149,-0.05392309733692553,0.058416249321311384,0.05538341096009196,0.031594917344861626,-0.037615762227272274,0.03888474618530923,0.552309637692555,0.5534787871768205,0.5186127933650866,0.5136886739328432,0.05644812324353785,0.034094663507098694,0.3315243115061295,0.35291019996992234
pctFirstFixc_dEY,-0.006071257940823164,-0.006487609558088581,-0.016177488213784695,-0.021211912331424092,-0.3781067538340564,0.6709648631858451,-0.26124535544923394,-0.3927220442325005,0.6366332450729971,-0.1895712214149795,-0.39460232902053194,0.8083988155265334,-0.2383407088195522,-0.3243790612983165,0.7271224749344061,-0.25949300424386207,-0.40640589580464415,0.6175551230407896,-0.2886247512913758,-0.37772684208126867,0.5639455175999606,-0.2550399212937134,-0.394450773333791,0.7069062722876245,-0.2635476510959536,-0.3662859501548398,0.6442620307256999,-0.27874522689308895,0.7793856520038719,-0.21759269314882757,-0.329037885687319,0.7638680747383426,-0.1942459408035493,-0.3792276051779115,0.7874340441619291,-0.29505702073415413,-0.43588466836328726,0.9999999999999999,-0.2252793999719746,-0.46179826697446796,0.06922269710864484,0.1245467462561548,0.04362225327584846,0.11644817124537944,0.3588813141648649,0.27663604535146596,0.03179395289945653,-0.04758205954840065,-0.1631866132655045,-0.17342338935961168,-0.13294377901351095,-0.2390361528500378,-0.3319502512968916,-0.3273611632935334,-0.3096906107739464,-0.41143948089924304,-0.20606116694261156,-0.1838669582035047,-0.2003431182526233,-0.24391615049889295
pctFirstFixc_dMO,-0.16783564420535133,-0.13246840976975452,-0.15098953218553385,-0.14885478351006884,-0.08677885447087139,-0.1922529931842907,0.6616398288859345,-0.12641682454302533,-0.19523581904166148,0.6149154869977346,-0.15875263286205685,-0.24916574116960755,0.8231522980119781,-0.14853923959067264,-0.2237780696517651,0.7914941369695825,-0.06719591280230794,-0.19135636780204204,0.6892199217448151,-0.11853003684653278,-0.2108609307618491,0.6057850073887412,-0.13797784510338787,-0.2903571940152483,0.8669591697593672,-0.12868907201454038,-0.24990917393248926,0.7525500412760402,-0.20237891851904122,0.7696677930733363,-0.05491084463140091,-0.18222902447415093,0.6467330685360309,-0.0712875035018299,-0.2467759953115251,0.7518378764214299,0.06869367633021034,-0.22527939997197466,0.9999999999999996,-0.1268962241068248,-0.08173485166612027,-0.0981294666000943,-0.1018396464157098,-0.0835105969959682,0.11693025903373146,-0.09031896414341704,-0.026204078635614757,-0.13668861568625484,-0.10014783291077015,-0.10436104884052469,-0.07395452580864639,0.011773925007426283,-0.11720493267883848,-0.13163910207347015,-0.1161547969808648,-0.05946786241117253,-0.09147885101585007,-0.07870599163052601,0.05486429401498268,0.2534495501169432
pctFirstFixc_dBG,0.19759050938100575,0.1438112229510051,0.1597601037115754,0.19389895264155615,0.8738818434149273,-0.4933178335597961,-0.19025883264960725,0.8481260045229533,-0.4745725591792594,-0.17984898239929384,0.9091349318649231,-0.44095930557174634,-0.15390045696777568,0.8456264651013317,-0.458100671729303,-0.23654137955479773,0.8406023698597485,-0.5946832148735893,-0.18820782687341467,0.8273489416219539,-0.5740874376183244,-0.1182836175613136,0.8636633170766954,-0.5243156779807058,-0.17949299097904647,0.8578186036325198,-0.5381661015760243,-0.19670119810394118,-0.4896329388939811,-0.09174352989335777,0.6946944118891998,-0.4117500068674907,-0.2267505500740536,0.81718166576448,-0.5097296964536392,-0.2297601011410108,0.8304936147378352,-0.46179826697446796,-0.1268962241068248,1.0,-0.03697570188992796,-0.0931467542637306,-0.006813776751027072,-0.015480112726187554,-0.36852126266432866,-0.1669528620595841,-0.023664879520233717,0.11217678448558682,0.15936231828519345,0.14162340310229862,0.09378988366686408,0.13393380184964548,0.589420325054472,0.5980132845778958,0.5766772037353468,0.5886001246176198,0.18472729732435747,0.15713897366879473,0.38539206367610335,0.2916444132300635
meanRT-a_a,-0.16910159976886774,-0.14247770372675111,-0.17305823525593483,-0.18876216651702277,0.01656095037699127,0.4878468893559286,0.32371389896857783,0.029831274289049897,0.47790640537568113,0.2645978462109125,0.045577209118705095,0.33820393109213437,0.18527383345239554,0.09610209995343874,0.29304726337120135,0.21113444635192616,-0.056214618311047126,0.38238731128942194,0.24501412765132904,-0.07203533800799233,0.38705500757422456,0.20371150283918665,-0.053569215072236456,0.21952686604351385,0.17176597541928337,0.007239092959350282,0.28133830669610815,0.07347658184584262,0.19672179188576316,-0.16031625476094047,-0.12089987090104085,0.1349701745989114,0.24937359016589397,-0.11768445435121228,0.3231816981056175,0.01703393943221019,-0.07701209971237319,0.06922269710864482,-0.08173485166612025,-0.03697570188992796,1.0,0.8849223261251621,0.9621647271041841,0.9391507270392674,0.3775117850839379,0.21142546483223762,0.2365128147944733,-0.060226064632521226,-0.0014022995053188229,0.05096840786004208,0.04360518270721346,0.11469229423096461,-0.07549545733385206,-0.018811910344227217,-0.021159475245424095,0.008656858469734224,0.11780224471311226,0.15083351675770756,-0.08042980863832189,-0.2742149632577233
meanRT-c_a,-0.1883691694824931,-0.1487695714378697,-0.1771987282267224,-0.1948302486070973,0.004187341801507681,0.47932853220328336,0.2508008234908849,0.04549076495071746,0.435580122417724,0.18018276492152807,0.01657956951712438,0.3467854077477285,0.12507142362980367,0.07524911286447987,0.3625414145243221,0.15974719176019345,-0.05944294733253437,0.4397514663810763,0.18408487120433406,-0.06070561013788808,0.403869920879301,0.13226575128461715,-0.08086674810121988,0.3119078107875155,0.10497548188910598,-0.012435223035772089,0.40732650710649226,0.04336357880458004,0.18631820709902802,-0.16553887401088097,-0.09332935620748677,0.21692790106719384,0.17801120341291737,-0.14347890923281517,0.3754176515340543,0.02994280136831542,-0.09801032206392082,0.1245467462561548,-0.0981294666000943,-0.09314675426373058,0.8849223261251622,1.0,0.905108983344417,0.914034890237413,0.24841121351160916,0.2011311273909932,0.21994356304128435,-0.07614803517681192,-0.06053644660240498,-0.06602637261668957,-0.053518058939274124,-0.036790270158143526,-0.12015079677868631,-0.10772216746638724,-0.10262023583344258,-0.10533936899648538,0.03469979164652475,0.05802183063863495,-0.06111005207647619,-0.30098864244567924
meanRT-a_d,-0.153753053208184,-0.12680700213312274,-0.15544842323375985,-0.17171719584156112,0.05094489219215968,0.48671693089496193,0.32278059939426607,0.09468201246531711,0.46118587463810945,0.24628139160123177,0.07709343772957025,0.3305969027781077,0.17015871280791883,0.12070663049062272,0.2773188488995693,0.1956278401766206,-0.011054681765971807,0.3794663505823064,0.23234041644459008,-0.018001706262186425,0.36457480348828253,0.18738078811983616,-0.022269558070604933,0.2150172107299145,0.14741202175094012,0.04438594651659487,0.27991806963422755,0.05851050185876714,0.17460598045941242,-0.1542653383351802,-0.05880058553526417,0.11428396996213958,0.23633056398153002,-0.10126990984064485,0.3009803141452874,0.015029981135196775,-0.04603590096618503,0.04362225327584846,-0.1018396464157098,-0.006813776751027073,0.9621647271041841,0.905108983344417,1.0,0.9419968427188401,0.3024643828381727,0.2095508362497913,0.2933365494047382,-0.01599188245782115,0.007706111668483364,0.03089725325869678,0.01008811412711992,0.08735556741143947,-0.03832494664506474,-0.02078389900221734,-0.022912238934991825,0.0010592212478997168,0.13018646414388105,0.1516161276901424,-0.05772130555487114,-0.26390301402277233
meanRT-c_d,-0.1572393098356109,-0.12527406566993624,-0.1572663871241729,-0.16415920693846997,0.04738110897714526,0.4890475021595486,0.2756007069639542,0.09887279272907183,0.46215422871667183,0.22076844965462433,0.08190967846518254,0.39267037227936624,0.18020685530862668,0.13741793103073102,0.32346775784259973,0.16016092240152743,-0.01355195667233662,0.3926454231190326,0.16648532509945538,-0.0171613614791048,0.3718684902217039,0.14410204609773813,-0.019933993623625728,0.27495521664554107,0.12913284491992374,0.05464172471831893,0.31054637540467045,0.009801472139436735,0.18185926280337514,-0.18107239202909745,-0.05752156616993492,0.17447331971596305,0.17422859350265252,-0.0861264159581337,0.35464978356715493,-0.009930843396231218,-0.07394425144970575,0.11644817124537944,-0.08351059699596822,-0.015480112726187554,0.9391507270392674,0.914034890237413,0.9419968427188401,1.0,0.32813839394056304,0.22856004363339172,0.2754119107736744,-0.015887644618604972,-0.009415020685665723,0.00867170355209693,0.029768186583751893,0.06754901544966109,-0.040736900107305477,-0.01182830931588131,-0.0006661945924836821,0.016021529428762216,0.08193683891352316,0.130514470195773,-0.047255849929836266,-0.2681360081206576
msTotal.a_a,-0.17594431778701752,-0.1601542594727938,-0.20795517584377593,-0.18242231135873738,-0.3456653771065029,0.45481595764856925,0.3164039655666061,-0.3162658221120456,0.46568586045963845,0.34717585643349025,-0.35457093867518386,0.4659740291528596,0.28948707054157224,-0.2707936685713358,0.43755509448628754,0.24911013582168,-0.3295346778962324,0.33435935687550056,0.24273115760122146,-0.2939481183756372,0.387431823638676,0.2616771761419135,-0.31708899315660455,0.34484946193216964,0.2682919147229015,-0.26748752821752714,0.32807380563433447,0.1852717741665718,0.3075748560396995,0.055793304960106975,-0.3659855358947557,0.305909224911254,0.16733072910279975,-0.33677425611330486,0.33229863732519227,0.12132550378616956,-0.3581954637079048,0.35888131416486485,0.11693025903373144,-0.3685212626643286,0.3775117850839379,0.24841121351160916,0.30246438283817273,0.32813839394056304,1.0,0.18716715868470152,-0.07429374094590964,-0.26965298482233724,-0.05879859744071835,-0.030975706180460034,0.05268735387475916,0.08149121527307943,-0.20371546314967964,-0.1779431644712339,-0.12952648039778714,-0.14813129034921407,0.07075523988767507,0.08407569663613158,-0.05778840230556129,-0.1926623962726033
msTotal.a_c,-0.08102825483063261,-0.08314086080543949,-0.07741965955249873,-0.06761458001579777,-0.217582614480245,0.32839801627765536,-0.04488455543859468,-0.19221576761143433,0.3158806562345164,-0.08482708958986487,-0.16233982328838284,0.353117251816403,-0.18128198870567824,-0.16906559196351734,0.27938339615958413,-0.04101596001689593,-0.22416971176422662,0.3453653409069481,0.0010132011192283338,-0.18783880309347828,0.3459564912323919,0.02321114305015918,-0.17110596785653767,0.30476624687892667,-0.12938509888001898,-0.21765840216516336,0.2665995009636595,0.03700214929552489,0.2876302168742685,-0.13166108891853082,-0.20706236700093877,0.24058371658737995,-0.015236377454308166,-0.26558146117278303,0.33605406773718316,-0.15260595349256445,-0.2838839730248149,0.27663604535146585,-0.09031896414341704,-0.1669528620595841,0.2114254648322376,0.2011311273909932,0.20955083624979126,0.22856004363339172,0.18716715868470152,0.9999999999999999,0.24231463452236118,0.11717736525940149,-0.08491197841667751,-0.010127255225753425,0.06585794648209,0.1802287371850646,-0.16986988278654,-0.19569529442097405,-0.09865649953775471,-0.03397410200709636,0.06953684691251726,0.12909019349184256,-0.19671422740788067,-0.205274845152656
msTotal.d_a,0.019602509936670166,0.0632882251148442,0.05548240057635092,0.036862079273475123,-0.03774212478412518,0.19204375184033728,0.04417048446626477,-0.010692170685516873,0.12101266711819579,0.09709835350700202,0.002132645488503668,0.08052586044861418,0.03197754718884362,-0.02042928381425559,0.04491090288421776,-0.0006336722422755885,-0.05057814111047497,0.2506871277804009,0.028595036842957958,-0.0677138598096056,0.16934427786272818,0.10317415077468339,-0.024209736838620176,0.1549996934147539,0.05282102145734119,-0.0415845817678408,0.13410513428981236,-0.0018120756685537985,0.08046653521340286,0.02179209643533415,0.09946436074885487,0.13223797807636403,0.07516496103617394,0.0030503587387705105,0.16023276921493212,-0.08670114588237068,-0.05392309733692549,0.03179395289945653,-0.026204078635614768,-0.023664879520233703,0.2365128147944733,0.21994356304128432,0.2933365494047382,0.2754119107736744,-0.07429374094590967,0.24231463452236118,0.9999999999999999,0.04273738749785435,0.08688265865556483,0.04006773082240674,0.04160732718535829,-0.022681716116394406,0.021062515225352636,-0.03321736314471745,-0.00902527499478879,-0.04377371317821292,-0.006910914224747631,0.02053069016249956,-0.08575080440428903,-0.07202525596175585
msTotal.d_c,0.019103011834144187,-0.009921108102729432,0.03443401622364746,0.02817423296946312,0.13632926479026639,-0.0024627069023181614,-0.17207780106880355,0.1152997921582556,0.04972296164666688,-0.06491808747492067,0.16876950860961001,0.08255950278026525,-0.1649090242152258,0.1242624432593167,0.030823764353798983,-0.09344830174220643,0.13087700041196756,-0.0341381160989019,-0.20477368605923696,0.04564334065774523,-0.04115886262054623,-0.06728532761585321,0.11967113408935781,0.004245057285316808,-0.20522100894100365,0.11327751336915928,-0.04154854425608877,-0.06476000788753829,0.05061582103596043,-0.10530849007311123,0.0361841452731796,-0.01778080983044858,-0.011216634495242728,0.09696763571079751,0.015485317124658473,-0.1968888821217719,0.058416249321311384,-0.04758205954840063,-0.13668861568625487,0.11217678448558682,-0.06022606463252121,-0.07614803517681192,-0.01599188245782118,-0.015887644618604965,-0.26965298482233724,0.11717736525940149,0.04273738749785438,0.9999999999999999,-0.012323872436722555,0.11941554789554448,0.19435134880411267,-0.030647171306154193,0.07094685694638266,0.11276593504290261,0.18941413707141594,0.07706635239336886,0.022107541696423358,0.02614381032548253,-0.024653994122624118,-0.05441646522158957
pctOffscreen.a_a,0.0554609851496086,0.020861909081941896,0.03234297414641137,0.07576882453572298,0.14024233379912038,-0.07326879283751525,0.14901273509110738,0.05474925290535186,-0.08120736518005006,0.06088556378075695,0.2334296618046801,-0.11992381462965965,0.07240488046934755,0.21606567756798356,-0.07720917447210088,-0.04910140132089064,0.004553021811359644,-0.19274851792713782,0.05957304093565941,-0.0558225138781099,-0.20291218612073741,-0.022060576611399874,0.0798432910454876,-0.22624193743050322,0.03979845103243392,0.03132099266784444,-0.2211618593148682,-0.040982291643211544,-0.10630912952525388,-0.0001331641560098087,0.05834544516575785,-0.083788449172032,-0.09735803381330353,0.12016459622287777,-0.06381376116046056,0.09956334650780689,0.055383410960091965,-0.1631866132655045,-0.10014783291077016,0.15936231828519348,-0.0014022995053188164,-0.06053644660240499,0.007706111668483385,-0.00941502068566571,-0.05879859744071835,-0.08491197841667748,0.08688265865556481,-0.012323872436722541,1.0,0.7475212827157276,0.6755204245183575,0.7101156394643109,0.44789599021731163,0.35370197152922506,0.3322763019129847,0.366632176548735,0.833300740385204,0.8220767308349248,-0.2388378860090021,-0.018213175952047966
pctOffscreen.a_c,0.17780598090726657,0.154202009443547,0.16609658185378304,0.22409541592759663,0.05476645070347782,-0.06592672135625398,0.1480659054859498,0.018060847124971184,-0.010967131641784325,0.045197532147279514,0.09201187630379534,-0.08216094766933839,0.058832535424632015,0.09277228253977264,-0.0939575209237551,0.030501084919880406,-0.04711619453816328,-0.19043126590621995,0.09397492141178101,-0.055144273936613225,-0.14191615099329036,0.037166917133409416,-0.060797153702945965,-0.19426064669437718,0.023799010246578465,-0.06962943641607225,-0.25954444832558027,0.11137706051479875,-0.06446152141599165,-0.08940339139824811,0.10112410680856733,-0.07179435245217353,0.047934489067294646,0.06749779852522507,-0.07866559994425067,0.1086343494884408,0.031594917344861626,-0.17342338935961168,-0.10436104884052469,0.1416234031022986,0.050968407860042045,-0.06602637261668957,0.03089725325869677,0.00867170355209693,-0.03097570618046002,-0.010127255225753432,0.040067730822406736,0.11941554789554444,0.7475212827157276,1.0,0.8370265407293729,0.712179820474849,0.3915396390532914,0.5081082861154077,0.452473195644368,0.41584927060821597,0.6959263260943046,0.78207830026096,-0.24050057679329936,-0.04509333926892565
pctOffscreen.d_a,0.17907916142090638,0.16852310920459965,0.17614717221540352,0.23246834188620896,0.012459478266171017,-0.08998970665450094,0.10993218707328428,-0.01778553714639726,-0.02843704494228612,0.10163554618228024,0.0740748450022665,-0.04572611034094716,0.09187624403334058,0.06549357556859457,-0.1004010702784731,0.05265280748951067,-0.1034663859019007,-0.1935589727432985,0.04782466709138465,-0.11417038072421695,-0.10857856723996044,0.06275091842502949,-0.07395764221799592,-0.14814651968705606,0.05404621060539201,-0.10924858946680943,-0.21666161534083495,0.13528641477381004,-0.0648567146243823,-0.0311339996681079,0.10060500767932376,-0.15620715647744654,0.011486106279296845,0.08394333258502683,-0.03382376483466972,0.04692881115551151,-0.037615762227272295,-0.13294377901351095,-0.07395452580864639,0.09378988366686407,0.04360518270721341,-0.05351805893927411,0.010088114127119885,0.02976818658375189,0.05268735387475918,0.06585794648208998,0.04160732718535827,0.19435134880411267,0.6755204245183575,0.8370265407293727,0.9999999999999999,0.7445617695243918,0.33969352045622203,0.41732578839156814,0.5076645640671374,0.42236638910504604,0.7408036790492863,0.8049735244925699,-0.1965459378634861,-0.12271760733961692
pctOffscreen.d_c,0.05027300239377149,0.020853634170936518,0.021607898089607044,0.05896873685159146,0.07092314448441134,-0.1147257529676036,0.22859464966284104,-0.023209676561835254,-0.051840076698999135,0.1131000675618796,0.09825120390687758,-0.12364961219541977,0.14069903106306025,0.11713942132141388,-0.13712692996188036,0.10982782887483253,-0.02845063949120971,-0.224701308084147,0.1733265887079512,-0.0650130436461274,-0.1684856057157772,0.06982061917643644,-0.020102582135588905,-0.2652756238592527,0.13152156271976637,-0.03307625220546099,-0.28684662137303735,0.10186951735831697,-0.16768830985957242,-0.0127017251110366,0.06599741662190745,-0.25454301101541604,0.005864827332322287,0.06571073986337787,-0.12637199425573284,0.10608657334478594,0.038884746185309245,-0.2390361528500378,0.011773925007426276,0.1339338018496455,0.11469229423096458,-0.036790270158143505,0.08735556741143946,0.06754901544966105,0.08149121527307944,0.1802287371850646,-0.022681716116394433,-0.03064717130615418,0.7101156394643109,0.712179820474849,0.7445617695243918,0.9999999999999999,0.35325050111599815,0.33813424324243985,0.38824037061084943,0.5690074164731415,0.8482447426966085,0.8891383290506407,-0.2253092776189005,-0.06814667003701073
pctOnBackground.a_a,0.21988262107319914,0.14221173396632755,0.16172401345189463,0.18090346565907653,0.5839131262026729,-0.39612510962195135,-0.03310201669742359,0.6640922415168583,-0.40281430328520484,-0.1325177930105264,0.5773091299947254,-0.38196808312552416,-0.047718386309511834,0.5153863951825779,-0.418906904903623,-0.16868068973820824,0.6316794887207638,-0.4699939632687081,-0.035984594138043044,0.670644283474849,-0.4960251865281177,-0.1332345729416387,0.6560562896273094,-0.45138858062287596,-0.06426979093883184,0.6092647187808988,-0.49011119987615037,-0.11667614420381933,-0.3923881656201449,-0.14867813368310753,0.6058914801988203,-0.36474742217545875,-0.16691971808136805,0.5443746379156793,-0.3760250203220231,-0.06483372269204807,0.552309637692555,-0.3319502512968916,-0.11720493267883848,0.5894203250544722,-0.07549545733385207,-0.12015079677868633,-0.03832494664506475,-0.040736900107305477,-0.20371546314967964,-0.16986988278654,0.021062515225352622,0.07094685694638267,0.44789599021731163,0.3915396390532915,0.33969352045622203,0.35325050111599815,1.0,0.9120716964926112,0.9128318928308484,0.8807646554996764,0.35110736392471215,0.3850283797985064,0.007520580110857501,0.2013547566641502
pctOnBackground.a_c,0.270016151188383,0.2011475752740735,0.23235276103974237,0.2534447358834361,0.579842836824597,-0.39162411202535646,-0.05780064086697035,0.6215045865377333,-0.35982117314302003,-0.13463809945319466,0.5571802690182424,-0.3574563674179108,-0.06757297277590997,0.5331445652217384,-0.4160717383270181,-0.1478832764665672,0.6015992923857509,-0.45911960904202276,-0.03745644803517008,0.6272264053104135,-0.44699096799883553,-0.10537639346242071,0.6064748773621479,-0.4241199729985246,-0.06851821712110973,0.5863517383227442,-0.5030050905819745,-0.07286601040734356,-0.3241947884435995,-0.17860479345190933,0.5624548357684315,-0.3435282252969927,-0.11615165101026696,0.5362085383063414,-0.36230402977539455,-0.052856307245929164,0.5534787871768204,-0.3273611632935334,-0.13163910207347015,0.5980132845778959,-0.018811910344227217,-0.10772216746638721,-0.020783899002217318,-0.011828309315881289,-0.1779431644712339,-0.19569529442097405,-0.03321736314471744,0.11276593504290261,0.35370197152922506,0.5081082861154077,0.4173257883915682,0.33813424324243985,0.9120716964926111,1.0,0.946485289172189,0.8599034205933719,0.3031195871726566,0.36815332331612116,0.04370586787802391,0.1736354149387557
pctOnBackground.d_a,0.26874346074174243,0.20530030310497308,0.22680888767676222,0.2526892659067138,0.5497236976393436,-0.38963444262199537,-0.06809046824353054,0.6004039791382619,-0.35077704405817756,-0.10509688366166327,0.525850771160789,-0.3293249582461784,-0.04498253370388646,0.48424014775536073,-0.41037986610583066,-0.13313927704508777,0.5780634847153027,-0.4533906745682072,-0.062025092627874215,0.6045811510277606,-0.41841086055673055,-0.09900222012262186,0.5830381760411578,-0.40022310926459304,-0.061954516735915094,0.5481573275598446,-0.4832749910984225,-0.04934294326978404,-0.35290214984904017,-0.15068838508729587,0.5696581723669935,-0.38763216769568953,-0.1298797242906,0.5256253691324299,-0.35248313119228303,-0.08353872203221614,0.5186127933650866,-0.30969061077394644,-0.11615479698086482,0.5766772037353468,-0.021159475245424116,-0.10262023583344258,-0.022912238934991815,-0.0006661945924837064,-0.12952648039778714,-0.09865649953775471,-0.009025274994788817,0.18941413707141594,0.33227630191298463,0.452473195644368,0.5076645640671376,0.38824037061084943,0.9128318928308485,0.9464852891721891,0.9999999999999998,0.8872491372827528,0.3492596737433921,0.40497344481070563,0.05948369348635969,0.13428274484609012
pctOnBackground.d_c,0.2254450571200471,0.15482151104768618,0.17553206443440958,0.18926412943052898,0.5127283649615016,-0.4384603049673362,0.0267440965453374,0.5671152161379935,-0.4013616126082924,-0.055933373675963044,0.5198889578551068,-0.4156433436546658,-0.014331996098282933,0.46699304682267784,-0.46200605080890655,-0.056951753407278316,0.5777017561002495,-0.5058876073928498,0.02876661056405247,0.6095772943392419,-0.5015971985840006,-0.043545873288949884,0.5975998755492903,-0.5138620353555027,-0.01916315418783825,0.549107974116627,-0.5590802332300856,-0.04304252423237047,-0.4138412491547672,-0.1208713495854463,0.5470657220536531,-0.4595207682568305,-0.1076627377535138,0.5065425966187049,-0.4125878341029355,-0.0441050790928256,0.5136886739328433,-0.4114394808992429,-0.05946786241117256,0.5886001246176198,0.008656858469734196,-0.10533936899648538,0.0010592212478997033,0.016021529428762237,-0.1481312903492141,-0.03397410200709634,-0.043773713178212915,0.07706635239336881,0.366632176548735,0.41584927060821597,0.42236638910504604,0.5690074164731413,0.8807646554996763,0.8599034205933719,0.8872491372827528,1.0,0.42679269943316017,0.4723023152971937,0.030935688547462568,0.17791591666941797
pctSamplesOffscreenL,-0.024260567730409882,-0.039225057066219954,-0.04751123805453063,0.014486359974269714,0.13621828212108053,-0.04444377932781254,0.18413706422423004,0.039021451297029,0.0032186899802376066,0.10691728593433945,0.22042082277783545,-0.05029929647969771,0.0910980562899555,0.2345698429722023,-0.04391699030782446,0.024367160798702516,-0.004012625595913871,-0.17803370602316146,0.09879304693550853,-0.06241974020305806,-0.12152415240752364,0.05983607211186493,0.05469234636530276,-0.17818767298443725,0.05799408369323091,0.03176690775007607,-0.2114955243815711,0.009872864853163132,-0.13837538843192687,0.014370195142310202,-0.0006980248892896161,-0.18431568277138713,-0.06309625457537801,0.12971311869522661,-0.09954398153324742,0.04590785456688657,0.05644812324353785,-0.20606116694261156,-0.09147885101585007,0.18472729732435747,0.11780224471311226,0.03469979164652475,0.13018646414388105,0.0819368389135232,0.07075523988767508,0.06953684691251727,-0.006910914224747658,0.022107541696423337,0.833300740385204,0.6959263260943045,0.7408036790492863,0.8482447426966085,0.3511073639247122,0.3031195871726567,0.3492596737433922,0.42679269943316017,1.0,0.9541126826194719,-0.12743379231075744,-0.03371273668766471
pctSamplesOffscreenR,-0.030392995090420153,-0.04158624732583484,-0.046416376460857146,0.0097357855395474,0.1489607918758949,-0.03749211225330409,0.1961327285309906,0.0600995072046422,0.01198433372098465,0.12070963674363878,0.2003989641555977,-0.017765195121901445,0.12109400641708795,0.22625965608183135,-0.03187315864745177,0.049469083685322095,0.0028663207857965497,-0.1775200213253198,0.12277007793931535,-0.04894145334455649,-0.13096089031800368,0.0682982221870359,0.029930557326564494,-0.1722567742680626,0.08739424192357462,0.022753949469735607,-0.21951420578830638,0.055346125083505913,-0.13672836112957396,-0.016668444939837813,0.028576883747673455,-0.17182174596871305,-0.009354949207223575,0.09351310633580368,-0.08458100948525824,0.057290433193772354,0.034094663507098694,-0.1838669582035047,-0.07870599163052602,0.15713897366879476,0.15083351675770754,0.05802183063863493,0.15161612769014243,0.13051447019577306,0.0840756966361316,0.1290901934918426,0.020530690162499532,0.02614381032548253,0.8220767308349248,0.78207830026096,0.8049735244925699,0.8891383290506407,0.3850283797985064,0.36815332331612116,0.40497344481070563,0.4723023152971937,0.9541126826194719,1.0,-0.17233348875412333,-0.04182670676442378
ARI_6_P,-0.08216087553327053,-0.08057182645866444,-0.06920863962013009,-0.07998818714344647,0.2995081179477441,-0.28672171517890704,-0.07042513760837765,0.3286481957142245,-0.273605168346404,0.03838348609393895,0.28181684067887647,-0.14812468790549257,0.029846284911515288,0.3289793441344556,-0.1908791670627294,-0.020104716865486864,0.3338346769321484,-0.3606595948327823,-0.01766985050398205,0.34658243393645854,-0.3052971423554475,0.07804689344410899,0.2875395515120081,-0.16617570294350575,0.06300512554058951,0.34190317141931575,-0.23556319960397648,-0.037658417830469894,-0.22400079139590007,0.1830369088051423,0.21995628444278692,-0.2074657017658149,0.011902652588153824,0.41606330911892575,-0.27903631706285126,-0.021160230107424953,0.3315243115061295,-0.2003431182526233,0.05486429401498272,0.38539206367610335,-0.08042980863832189,-0.061110052076476164,-0.05772130555487114,-0.04725584992983628,-0.057788402305561246,-0.19671422740788064,-0.08575080440428903,-0.02465399412262422,-0.2388378860090021,-0.2405005767932994,-0.19654593786348612,-0.22530927761890046,0.007520580110857473,0.043705867878023906,0.05948369348635971,0.030935688547462554,-0.12743379231075744,-0.17233348875412333,1.0,0.4585735737560156
SCARED_P,-0.06815692710862531,-0.05527649007565697,-0.07272434959120413,-0.043989046220950186,0.28993570233278426,-0.35335102561547094,0.10538937540051672,0.29428120774338623,-0.40002160095740535,0.027543859845914134,0.23058435215319828,-0.27908355143333413,0.15139981279050005,0.2075848340736758,-0.3057374443990025,0.09951770184187361,0.35137600500060123,-0.37509307755431304,0.15746078279026232,0.3294397552640754,-0.39473636765470455,0.09102984594058021,0.30682135890398055,-0.2528262846141305,0.18166548224656476,0.2385872462161065,-0.3281888595670188,0.1534367048420005,-0.398844179212725,0.24055067271955596,0.26992481104966587,-0.1557315105563341,0.13217335308644115,0.27433303996305725,-0.31475834463066,0.17754983384491804,0.35291019996992234,-0.24391615049889298,0.2534495501169432,0.29164441323006357,-0.2742149632577233,-0.3009886424456792,-0.2639030140227724,-0.2681360081206575,-0.1926623962726033,-0.20527484515265604,-0.07202525596175584,-0.0544164652215896,-0.01821317595204798,-0.04509333926892565,-0.12271760733961691,-0.06814667003701073,0.20135475666415023,0.1736354149387557,0.13428274484609012,0.17791591666941797,-0.033712736687664724,-0.04182670676442375,0.4585735737560156,0.9999999999999999
